{
  "train_rows": 34761,
  "validation_rows": 39099,
  "test_rows": 26140,
  "class_order": [
    "on_time",
    "short_delay",
    "long_delay",
    "cancelled"
  ],
  "validation": {
    "macro_f1": 0.2808068163839234,
    "log_loss": 1.4298885589023673,
    "confusion_matrix": [
      [
        81,
        102,
        398,
        431
      ],
      [
        147,
        544,
        2048,
        2335
      ],
      [
        673,
        1879,
        12526,
        8811
      ],
      [
        268,
        775,
        3936,
        4145
      ]
    ],
    "classification_report": {
      "cancelled": {
        "precision": 0.06928999144568007,
        "recall": 0.0800395256916996,
        "f1-score": 0.07427785419532325,
        "support": 1012.0
      },
      "long_delay": {
        "precision": 0.16484848484848486,
        "recall": 0.10721324398896334,
        "f1-score": 0.12992596130881298,
        "support": 5074.0
      },
      "on_time": {
        "precision": 0.6624709117833721,
        "recall": 0.5243417472476872,
        "f1-score": 0.5853681332803701,
        "support": 23889.0
      },
      "short_delay": {
        "precision": 0.2636433023788322,
        "recall": 0.45429636124506795,
        "f1-score": 0.3336553167511873,
        "support": 9124.0
      },
      "accuracy": 0.44236425484027725,
      "macro avg": {
        "precision": 0.2900631726140923,
        "recall": 0.2914727195433545,
        "f1-score": 0.2808068163839234,
        "support": 39099.0
      },
      "weighted avg": {
        "precision": 0.4894706203729426,
        "recall": 0.44236425484027725,
        "f1-score": 0.4542966306580521,
        "support": 39099.0
      }
    }
  },
  "test": {
    "macro_f1": 0.274000972628359,
    "log_loss": 1.4210754333645153,
    "confusion_matrix": [
      [
        17,
        49,
        244,
        152
      ],
      [
        80,
        395,
        1765,
        1625
      ],
      [
        365,
        1104,
        8820,
        5299
      ],
      [
        117,
        517,
        2965,
        2626
      ]
    ],
    "classification_report": {
      "cancelled": {
        "precision": 0.02936096718480138,
        "recall": 0.0367965367965368,
        "f1-score": 0.03266090297790586,
        "support": 462.0
      },
      "long_delay": {
        "precision": 0.19128329297820823,
        "recall": 0.10219922380336352,
        "f1-score": 0.13322091062394603,
        "support": 3865.0
      },
      "on_time": {
        "precision": 0.6394084384515006,
        "recall": 0.5658198614318707,
        "f1-score": 0.6003675719828466,
        "support": 15588.0
      },
      "short_delay": {
        "precision": 0.2706658420944135,
        "recall": 0.4218473895582329,
        "f1-score": 0.32975450492873737,
        "support": 6225.0
      },
      "accuracy": 0.4536342769701607,
      "macro avg": {
        "precision": 0.28267963517723094,
        "recall": 0.28166575289750095,
        "f1-score": 0.274000972628359,
        "support": 26140.0
      },
      "weighted avg": {
        "precision": 0.47455502294643725,
        "recall": 0.4536342769701607,
        "f1-score": 0.45681865577610353,
        "support": 26140.0
      }
    }
  }
}